feature,family,gain_pct,split_pct,gain_rank,mean_abs_ic,ic_pos_pct,ic_sign_flip,ic_std,year_rank_stability,rank_drift,generalizes,auc_drop_global_mean,auc_drop_global_std,consistency_score,max_regime_drop,min_regime_drop,mean_regime_drop,best_regime,regime_specialist,is_dead_everywhere,is_harmful_anywhere,auc_drop_bull_trend,ic_bull_trend,auc_drop_bull_range,ic_bull_range,auc_drop_bear_trend,ic_bear_trend,auc_drop_bear_range,ic_bear_range,recommendation,reason
D_WQ_29,D,4.09909,1.6732,3,0.07005,0.66667,0.33333,0.07394,1.0,0.02094,True,0.00206,0.00053,0.0,0.00477,-0.00224,0.00204,bull_trend,True,False,True,0.00477,0.05704,0.00413,0.01855,0.0015,0.08636,-0.00224,0.00913,DROP_HARMFUL,Harmful in: bear_range(-0.0022)
D_ema20_angle_z252,D,2.17856,2.11991,8,0.05122,0.33333,0.33333,0.05683,0.52381,0.06806,True,0.0008,0.00023,0.0,0.00723,-0.00272,0.00038,bear_trend,True,False,True,-0.0004,-0.03704,-0.00261,-0.00312,0.00723,-0.0822,-0.00272,0.01623,DROP_HARMFUL,"Harmful in: bull_range(-0.0026), bear_range(-0.0027)"
D_cpr_width_pct,D,1.61242,1.3702,14,0.02525,0.33333,0.33333,0.02812,0.61905,0.27749,False,-0.00027,0.0001,0.0,0.00017,-0.00128,-0.00052,,False,True,True,0.00017,-0.01947,-4e-05,-0.01465,-0.00094,-0.02106,-0.00128,0.00422,DROP_HARMFUL,"Harmful in: bear_trend(-0.0009), bear_range(-0.0013)"
M_vix,M,1.3444,1.89154,17,0.11624,1.0,0.0,0.0793,1.0,0.01571,True,-0.00017,4e-05,0.0,0.00109,-0.00172,-4e-05,bear_range,False,False,True,-0.00172,-0.00205,-0.00018,0.04316,0.00066,0.10372,0.00109,0.15733,DROP_HARMFUL,Harmful in: bull_trend(-0.0017)
M_vix_level_z60,M,1.29875,1.81691,20,0.06643,1.0,0.0,0.06164,1.0,0.04188,True,-4e-05,5e-05,0.0,0.00041,-0.00084,-0.00012,,False,True,True,-6e-05,0.01046,0.00041,0.00585,1e-05,0.07867,-0.00084,0.06138,DROP_HARMFUL,Harmful in: bear_range(-0.0008)
D_rsi14_z252,D,0.92505,1.32007,29,0.04624,0.33333,0.33333,0.05464,0.71429,0.02618,True,-0.00054,0.00011,0.0,0.00118,-0.00139,-0.00044,bear_trend,False,False,True,-0.00139,-0.02925,-0.00081,-6e-05,0.00118,-0.07431,-0.00073,0.02466,DROP_HARMFUL,"Harmful in: bull_trend(-0.0014), bull_range(-0.0008), bear_range(-0.0007)"
D_WQ_35,D,0.8313,0.61937,35,0.04532,0.66667,0.33333,0.04792,0.38095,0.6178,False,-0.00036,0.0001,0.0,0.0004,-0.00082,-0.00031,,False,True,True,-0.0004,0.03532,-0.00082,0.01388,0.0004,0.05249,-0.00041,0.00054,DROP_HARMFUL,Harmful in: bull_range(-0.0008)
D_rsi7_gt_rsi14,D,0.7835,0.53805,38,0.05792,0.33333,0.33333,0.07116,0.95238,0.17801,True,-8e-05,2e-05,0.0,0.00021,-0.0006,-0.00017,,False,True,True,-3e-05,-0.03044,-0.00026,0.00295,0.00021,-0.04493,-0.0006,0.01517,DROP_HARMFUL,Harmful in: bear_range(-0.0006)
D_obv_slope_lag1,D,0.4134,0.65725,68,0.02176,0.33333,0.5,0.0317,0.52381,0.41361,False,-0.0002,6e-05,0.0,0.00014,-0.00078,-0.00025,,False,True,True,-0.00011,-0.01303,-0.00078,0.00954,0.00014,-0.03768,-0.00023,0.00714,DROP_HARMFUL,Harmful in: bull_range(-0.0008)
D_gap_pct,D,1.86474,0.97473,11,0.01304,0.66667,0.5,0.01877,0.52381,0.32461,False,0.00022,0.00011,0.0,0.00057,-0.00014,0.00022,,False,True,False,0.00034,-0.01344,0.00057,-0.00195,0.00011,-0.01174,-0.00014,-0.00715,DROP,Dead in all regimes & global | Weak IC (0.0130)
D_oli,D,1.33386,1.29556,18,0.01458,0.66667,0.0,0.02054,0.95238,0.10995,True,0.00031,5e-05,0.731,0.00045,0.00021,0.00035,,False,True,False,0.00032,0.02695,0.00045,0.00011,0.00021,0.03846,0.00043,-0.0054,DROP,Dead in all regimes & global | Weak IC (0.0146)
D_range_to_atr14,D,1.24013,0.78313,21,0.01973,0.0,0.0,0.01422,0.80952,0.0733,True,0.00047,6e-05,0.441,0.00081,2e-05,0.00058,,False,True,False,0.00076,-0.03482,0.00081,-0.02926,2e-05,0.00267,0.00073,-0.02343,DROP,Dead in all regimes & global | Weak IC (0.0197)
D_vol_z252,D,0.83201,0.82323,34,0.01846,0.33333,0.5,0.0263,0.61905,0.24607,True,0.0002,0.0001,0.0,0.00083,-3e-05,0.00034,,False,True,False,-3e-05,-0.01183,0.00083,-0.00215,3e-05,0.01495,0.00054,0.01048,DROP,Dead in all regimes & global | Weak IC (0.0185)
Comb_GapUp__CPR_Tmr_Above,Comb,0.69481,0.56702,44,0.01726,0.33333,0.33333,0.02042,0.95238,0.01047,True,0.00012,3e-05,0.354,0.00019,-0.0,0.00011,,False,True,False,0.00016,-0.02119,0.00019,-0.00415,-0.0,-0.02236,0.0001,0.00783,DROP,Dead in all regimes & global | Weak IC (0.0173)
D_dvol_z252,D,0.64598,0.51912,47,0.01742,0.33333,0.33333,0.02212,0.61905,0.17277,True,0.0003,8e-05,0.179,0.00072,-3e-05,0.00033,,False,True,False,0.00022,-0.0064,0.00072,0.00077,-3e-05,0.00281,0.00041,0.00234,DROP,Dead in all regimes & global | Weak IC (0.0174)
D_donch_pos_50_rmean50,D,0.45357,0.59487,62,0.01088,1.0,0.0,0.00231,1.0,0.01571,True,0.00051,4e-05,0.27,0.00049,-0.0,0.00024,,False,True,False,0.00049,0.03622,0.00027,0.02855,-0.0,-0.02338,0.0002,0.02424,DROP,Dead in all regimes & global | Weak IC (0.0109)
D_obv,D,0.34086,0.64388,73,0.00799,0.66667,0.5,0.01138,1.0,0.09948,True,0.00034,4e-05,0.536,0.00053,0.00015,0.00034,,False,True,False,0.00015,0.00364,0.00022,-0.00584,0.00046,0.01229,0.00053,-0.00884,DROP,Dead in all regimes & global | Weak IC (0.0080)
X_adx_sqr,X,0.2547,0.35759,88,0.01489,0.33333,0.33333,0.01966,1.0,0.01571,True,0.0001,2e-05,0.626,8e-05,3e-05,5e-05,,False,True,False,7e-05,0.004,4e-05,-0.01063,8e-05,0.02391,3e-05,-0.00226,DROP,Dead in all regimes & global | Weak IC (0.0149)
D_adx14,D,0.24873,0.36204,90,0.01489,0.33333,0.33333,0.01966,1.0,0.12565,True,0.0001,3e-05,0.599,9e-05,4e-05,5e-05,,False,True,False,4e-05,0.004,4e-05,-0.01063,9e-05,0.02391,4e-05,-0.00226,DROP,Dead in all regimes & global | Weak IC (0.0149)
M_vix_change,M,0.23598,0.42331,92,0.01731,0.33333,0.33333,0.02321,0.52381,0.35079,False,2e-05,3e-05,0.0,8e-05,-5e-05,1e-05,,False,True,False,8e-05,0.00291,0.0,0.00221,-0.0,-0.00787,-5e-05,-0.01789,DROP,Dead in all regimes & global | Weak IC (0.0173)
Comb_GapDown__CPR_Tmr_Below,Comb,0.22526,0.21054,94,0.01774,0.33333,0.33333,0.02577,0.95238,0.02094,True,4e-05,1e-05,0.387,8e-05,0.0,5e-05,,False,True,False,0.0,0.01187,4e-05,0.00814,8e-05,0.02398,5e-05,0.01709,DROP,Dead in all regimes & global | Weak IC (0.0177)
X_regime_adx,X,0.22343,0.34868,95,0.01489,0.33333,0.33333,0.01966,1.0,0.13089,True,0.0001,3e-05,0.378,0.00011,1e-05,6e-05,,False,True,False,0.00011,0.004,3e-05,-0.01063,8e-05,0.02391,1e-05,-0.00226,DROP,Dead in all regimes & global | Weak IC (0.0149)
D_obv_slope_lag2,D,0.20762,0.39658,102,0.0194,0.33333,0.5,0.02728,0.66667,0.16754,True,7e-05,5e-05,0.0,0.00025,-8e-05,7e-05,,False,True,False,0.00017,-0.01224,-8e-05,-0.0008,0.00025,-0.03755,-6e-05,-0.00057,DROP,Dead in all regimes & global | Weak IC (0.0194)
X_regime_trend_soft,X,0.20687,0.33085,103,0.01489,0.33333,0.33333,0.01966,0.95238,0.18325,True,9e-05,0.0,0.633,9e-05,3e-05,7e-05,,False,True,False,9e-05,0.004,5e-05,-0.01063,9e-05,0.02391,3e-05,-0.00226,DROP,Dead in all regimes & global | Weak IC (0.0149)
D_adx14_lag2,D,0.17867,0.30969,112,0.01736,0.33333,0.33333,0.02244,0.90476,0.10995,True,7e-05,2e-05,0.472,0.00012,3e-05,6e-05,,False,True,False,0.00012,0.00516,3e-05,-0.00743,5e-05,0.01833,6e-05,-5e-05,DROP,Dead in all regimes & global | Weak IC (0.0174)
D_adx14_lag1,D,0.17507,0.3186,115,0.01634,0.33333,0.33333,0.02137,1.0,0.15183,True,5e-05,1e-05,0.635,8e-05,3e-05,5e-05,,False,True,False,8e-05,0.005,5e-05,-0.00962,4e-05,0.02153,3e-05,-0.00062,DROP,Dead in all regimes & global | Weak IC (0.0163)
Comb_ATRlow__EMA20pos,Comb,0.1516,0.21166,126,0.01218,0.33333,0.33333,0.01498,0.66667,0.21466,True,0.0002,4e-05,0.0,0.00056,-7e-05,0.00014,,False,True,False,0.00056,0.00853,0.0001,-0.00303,-4e-05,-0.00468,-7e-05,-0.00828,DROP,Dead in all regimes & global | Weak IC (0.0122)
D_WQ_23,D,0.14157,0.14259,136,0.01895,0.66667,0.33333,0.02249,0.52381,0.36126,False,-6e-05,2e-05,0.021,1e-05,-0.00014,-6e-05,,False,True,False,-8e-05,0.0228,-0.00014,0.00229,1e-05,0.02375,-3e-05,0.00059,DROP,Dead in all regimes & global | Weak IC (0.0190)
D_monthly_trend,D,0.13936,0.32194,140,0.01889,0.33333,0.0,0.02267,1.0,0.27749,False,-0.00014,3e-05,0.0,5e-05,-0.00032,-7e-05,,False,True,False,-0.00032,-0.00421,-5e-05,0.00317,4e-05,-0.03026,5e-05,0.00562,DROP,Dead in all regimes & global | Weak IC (0.0189)
D_inside_day,D,0.08208,0.18381,160,0.01827,0.33333,0.5,0.0256,1.0,0.08377,True,4e-05,1e-05,0.615,8e-05,2e-05,5e-05,,False,True,False,4e-05,-0.00088,8e-05,0.00351,5e-05,-0.00923,2e-05,-0.00562,DROP,Dead in all regimes & global | Weak IC (0.0183)
Comb_RSIslopePos__ADX_15_25,Comb,0.04781,0.11363,162,0.00899,0.66667,0.5,0.01353,1.0,0.04712,True,2e-05,1e-05,0.492,4e-05,0.0,3e-05,,False,True,False,4e-05,-0.00401,0.0,-0.01684,4e-05,-0.01639,4e-05,-0.01124,DROP,Dead in all regimes & global | Weak IC (0.0090)
D_nr_expand,D,0.04503,0.088,163,0.00873,0.33333,0.5,0.01226,0.71429,0.05236,True,2e-05,1e-05,0.548,5e-05,2e-05,3e-05,,False,True,False,2e-05,0.0033,5e-05,-0.00735,2e-05,-0.00394,3e-05,-0.0069,DROP,Dead in all regimes & global | Weak IC (0.0087)
D_prev_inside_day,D,0.03554,0.11585,165,0.01298,0.66667,0.5,0.01963,1.0,0.04712,True,2e-05,1e-05,0.607,3e-05,1e-05,2e-05,,False,True,False,1e-05,0.00127,1e-05,0.01515,1e-05,-0.01125,3e-05,0.00815,DROP,Dead in all regimes & global | Weak IC (0.0130)
DOW_6,DOW,0.01027,0.03008,167,0.00624,0.66667,0.0,0.00607,1.0,0.01047,True,2e-05,0.0,0.301,3e-05,0.0,2e-05,,False,True,False,2e-05,0.00226,0.0,0.00563,1e-05,0.01399,3e-05,-0.00234,DROP,Dead in all regimes & global | Weak IC (0.0062)
D_dow,D,0.00713,0.02562,169,0.00369,0.33333,0.0,0.00484,1.0,0.0,True,1e-05,0.0,0.562,2e-05,0.0,1e-05,,False,True,False,2e-05,1e-05,1e-05,-0.00147,0.0,8e-05,1e-05,-0.00318,DROP,Dead in all regimes & global | Weak IC (0.0037)
DOW_3,DOW,0.00651,0.02674,170,0.015,0.33333,0.0,0.0134,1.0,0.01047,True,1e-05,0.0,0.249,1e-05,0.0,0.0,,False,True,False,0.0,-0.00464,1e-05,-0.00961,0.0,-0.01925,0.0,-0.00273,DROP,Dead in all regimes & global | Weak IC (0.0150)
DOW_2,DOW,0.00457,0.0156,172,0.01292,0.66667,0.5,0.01694,1.0,0.00524,True,0.0,0.0,0.0,1e-05,-1e-05,0.0,,False,True,False,-1e-05,-0.00209,1e-05,-0.00694,0.0,-0.00218,0.0,-0.00052,DROP,Dead in all regimes & global | Weak IC (0.0129)
DOW_1,DOW,0.00307,0.01337,174,0.01684,0.33333,0.33333,0.02246,1.0,0.01047,True,0.0,0.0,0.0,1e-05,-0.0,0.0,,False,True,False,0.0,-0.00147,-0.0,0.00316,0.0,-0.00709,1e-05,0.00456,DROP,Dead in all regimes & global | Weak IC (0.0168)
CPR_Yday_Overlap,CPR,0.0,0.0,176,0.0,0.0,1.0,0.0,1.0,0.0,True,0.0,0.0,1.0,0.0,0.0,0.0,,False,True,False,0.0,,0.0,,0.0,,0.0,,DROP,Dead in all regimes & global | Weak IC (0.0000)
CPR_Tmr_Above,CPR,0.0,0.0,177,0.0,0.0,1.0,0.0,1.0,0.0,True,0.0,0.0,1.0,0.0,0.0,0.0,,False,True,False,0.0,,0.0,,0.0,,0.0,,DROP,Dead in all regimes & global | Weak IC (0.0000)
CPR_Tmr_Below,CPR,0.0,0.0,178,0.0,0.0,1.0,0.0,1.0,0.0,True,0.0,0.0,1.0,0.0,0.0,0.0,,False,True,False,0.0,,0.0,,0.0,,0.0,,DROP,Dead in all regimes & global | Weak IC (0.0000)
CPR_Tmr_Inside,CPR,0.0,0.0,179,0.0,0.0,1.0,0.0,1.0,0.0,True,0.0,0.0,1.0,0.0,0.0,0.0,,False,True,False,0.0,,0.0,,0.0,,0.0,,DROP,Dead in all regimes & global | Weak IC (0.0000)
CPR_Tmr_Overlap,CPR,0.0,0.0,180,0.0,0.0,1.0,0.0,1.0,0.0,True,0.0,0.0,1.0,0.0,0.0,0.0,,False,True,False,0.0,,0.0,,0.0,,0.0,,DROP,Dead in all regimes & global | Weak IC (0.0000)
CPR_Yday_Above,CPR,0.0,0.0,181,0.0,0.0,1.0,0.0,1.0,0.0,True,0.0,0.0,1.0,0.0,0.0,0.0,,False,True,False,0.0,,0.0,,0.0,,0.0,,DROP,Dead in all regimes & global | Weak IC (0.0000)
CPR_Yday_Below,CPR,0.0,0.0,182,0.0,0.0,1.0,0.0,1.0,0.0,True,0.0,0.0,1.0,0.0,0.0,0.0,,False,True,False,0.0,,0.0,,0.0,,0.0,,DROP,Dead in all regimes & global | Weak IC (0.0000)
CPR_Yday_Inside,CPR,0.0,0.0,183,0.0,0.0,1.0,0.0,1.0,0.0,True,0.0,0.0,1.0,0.0,0.0,0.0,,False,True,False,0.0,,0.0,,0.0,,0.0,,DROP,Dead in all regimes & global | Weak IC (0.0000)
DOW_4,DOW,0.0,0.0,184,0.00744,1.0,0.0,,1.0,0.0,True,0.0,0.0,1.0,0.0,0.0,0.0,,False,True,False,0.0,0.01917,0.0,0.02571,0.0,-0.00532,0.0,-0.00371,DROP,Dead in all regimes & global | Weak IC (0.0074)
D_nr_length,D,0.0,0.0,185,0.01696,0.66667,0.0,0.01987,1.0,0.01571,True,0.0,0.0,0.789,0.0,-0.0,0.0,,False,True,False,0.0,0.01632,-0.0,0.01913,0.0,0.00491,0.0,0.02228,DROP,Dead in all regimes & global | Weak IC (0.0170)
DayType_bearish,DayType,0.0,0.0,186,0.0,0.0,1.0,0.0,1.0,0.0,True,0.0,0.0,1.0,0.0,0.0,0.0,,False,True,False,0.0,,0.0,,0.0,,0.0,,DROP,Dead in all regimes & global | Weak IC (0.0000)
Struct_range,Struct,0.0,0.0,187,0.0,0.0,1.0,0.0,1.0,0.0,True,0.0,0.0,1.0,0.0,0.0,0.0,,False,True,False,0.0,,0.0,,0.0,,0.0,,DROP,Dead in all regimes & global | Weak IC (0.0000)
DayType_bullish,DayType,0.0,0.0,188,0.0,0.0,1.0,0.0,1.0,0.0,True,0.0,0.0,1.0,0.0,0.0,0.0,,False,True,False,0.0,,0.0,,0.0,,0.0,,DROP,Dead in all regimes & global | Weak IC (0.0000)
Struct_downtrend,Struct,0.0,0.0,189,0.0,0.0,1.0,0.0,1.0,0.0,True,0.0,0.0,1.0,0.0,0.0,0.0,,False,True,False,0.0,,0.0,,0.0,,0.0,,DROP,Dead in all regimes & global | Weak IC (0.0000)
Struct_uptrend,Struct,0.0,0.0,190,0.0,0.0,1.0,0.0,1.0,0.0,True,0.0,0.0,1.0,0.0,0.0,0.0,,False,True,False,0.0,,0.0,,0.0,,0.0,,DROP,Dead in all regimes & global | Weak IC (0.0000)
DayType_inside,DayType,0.0,0.0,191,0.0,0.0,1.0,0.0,1.0,0.0,True,0.0,0.0,1.0,0.0,0.0,0.0,,False,True,False,0.0,,0.0,,0.0,,0.0,,DROP,Dead in all regimes & global | Weak IC (0.0000)
D_WQ_20,D,1.43009,1.09282,16,0.01094,0.66667,0.5,0.01642,1.0,0.08901,True,0.00079,0.00026,0.0,0.0021,-0.00047,0.00062,bull_trend,False,False,False,0.0021,0.00277,0.00098,-0.00775,-0.00014,0.01835,-0.00047,-0.01044,REVIEW,Best in bull_trend (0.0021) but inconsistent
D_ema_stack_20_50_100,D,1.32404,0.65725,19,0.00944,0.66667,0.0,0.01021,0.7619,0.05236,True,0.0018,8e-05,0.0,0.00145,-0.00017,0.00049,bull_trend,False,False,False,0.00145,0.02391,0.00063,0.01924,-0.00017,-0.00558,5e-05,0.00262,REVIEW,Best in bull_trend (0.0015) but inconsistent
D_body_ratio,D,0.92197,1.01038,30,0.02044,0.33333,0.33333,0.02404,0.71429,0.53403,False,0.00054,3e-05,0.959,0.00055,0.00049,0.00051,,False,True,False,0.0005,-0.02286,0.00049,-0.0053,0.00051,-0.02922,0.00055,0.0091,REVIEW,Best in bear_range (0.0005) but inconsistent
D_atr_ratio_14_30,D,0.81183,0.97028,37,0.02101,0.66667,0.33333,0.03027,1.0,0.06283,True,0.00059,7e-05,0.175,0.00115,0.0001,0.00049,bull_range,False,False,False,0.00048,-0.00712,0.00115,0.02054,0.0001,0.01649,0.00023,0.03829,REVIEW,Best in bull_range (0.0012) but inconsistent
M_nifty_ret,M,0.75436,0.96805,40,0.02981,0.66667,0.33333,0.02916,0.7619,0.10471,True,0.00039,4e-05,0.125,0.00098,-6e-05,0.00046,,False,True,False,0.00022,-0.00418,-6e-05,0.01817,0.00071,0.01933,0.00098,0.01936,REVIEW,Best in bear_range (0.0010) but inconsistent
D_compress_state,D,0.70125,0.98922,43,0.02256,0.33333,0.33333,0.03144,0.90476,0.18848,True,0.00032,7e-05,0.023,0.00129,6e-05,0.00052,bull_range,False,False,False,0.00066,-0.003,0.00129,0.01185,7e-05,0.00504,6e-05,3e-05,REVIEW,Best in bull_range (0.0013) but inconsistent
D_cpr_vs_yday_code,D,0.57345,0.59152,50,0.02696,0.33333,0.33333,0.0341,0.71429,0.28272,False,-0.00012,5e-05,0.115,5e-05,-0.00037,-0.00018,,False,True,False,-0.00012,-0.02267,-0.00037,-0.00257,5e-05,-0.03,-0.00026,0.00647,REVIEW,Best in bear_trend (0.0000) but inconsistent
X_cprw_atr_pct,X,0.54913,0.34979,52,0.03808,0.66667,0.33333,0.04423,0.7619,0.2356,True,8e-05,1e-05,0.497,0.00011,1e-05,8e-05,,False,True,False,0.00011,-0.02017,0.0001,0.00592,0.00011,0.03697,1e-05,0.03498,REVIEW,Best in bull_trend (0.0001) but inconsistent
W_vol_vs_4w,W,0.54383,0.92238,53,0.02352,0.33333,0.5,0.03421,1.0,0.10471,True,0.00046,7e-05,0.643,0.00088,0.00041,0.00055,,False,True,False,0.00041,-0.00114,0.00088,0.01714,0.00049,-4e-05,0.00041,-0.00544,REVIEW,Best in bull_range (0.0009) but inconsistent
D_dvol_z50,D,0.47192,0.61492,60,0.02099,0.33333,0.33333,0.0227,0.66667,0.07853,True,0.0003,1e-05,0.458,0.00043,8e-05,0.00023,,False,True,False,0.00022,-0.02844,0.00043,-0.00942,8e-05,-0.00562,0.0002,-0.01099,REVIEW,Best in bull_range (0.0004) but inconsistent
D_WQ_41,D,0.44777,0.37653,63,0.02561,0.66667,0.33333,0.02683,1.0,0.00524,True,-0.00016,4e-05,0.714,-0.00011,-0.00026,-0.0002,,False,True,False,-0.00011,0.0228,-0.00026,0.01984,-0.00018,0.02188,-0.00023,0.00178,REVIEW,Best in bull_trend (-0.0001) but inconsistent
D_wick_skew,D,0.30843,0.52469,79,0.02003,0.33333,0.33333,0.02217,0.71429,0.02094,True,4e-05,3e-05,0.0,0.00015,-1e-05,6e-05,,False,True,False,-1e-05,-0.01606,7e-05,0.00642,1e-05,-0.03295,0.00015,-0.0082,REVIEW,Best in bear_range (0.0001) but inconsistent
D_daily_trend,D,0.30369,0.30412,82,0.03259,0.33333,0.33333,0.03635,0.85714,0.24607,True,8e-05,2e-05,0.469,0.00019,2e-05,0.00012,,False,True,False,0.0001,-0.02723,0.00015,-0.00831,2e-05,-0.03416,0.00019,0.0032,REVIEW,Best in bear_range (0.0002) but inconsistent
D_dvol_z20,D,0.25736,0.41774,87,0.02248,0.0,0.0,0.00573,0.52381,0.06283,True,0.00013,3e-05,0.529,0.00022,5e-05,0.00012,,False,True,False,0.0001,-0.02726,0.00022,-0.01739,5e-05,-0.02036,0.00012,-0.02377,REVIEW,Best in bull_range (0.0002) but inconsistent
D_mdi14_diff1,D,0.19851,0.28964,108,0.02213,0.33333,0.5,0.03427,0.61905,0.3089,False,0.0001,1e-05,0.319,0.00023,1e-05,0.00012,,False,True,False,0.00014,0.03384,9e-05,0.01394,1e-05,0.02959,0.00023,0.0159,REVIEW,Best in bear_range (0.0002) but inconsistent
D_WQ_12,D,0.16239,0.25622,120,0.02033,1.0,0.0,0.01345,0.42857,0.08901,True,3e-05,4e-05,0.0,0.00015,-0.00015,4e-05,,False,True,False,0.00015,0.01869,-0.00015,0.00244,9e-05,0.033,5e-05,0.02046,REVIEW,Best in bull_trend (0.0002) but inconsistent
D_hl_run,D,0.15533,0.12142,123,0.02439,0.66667,0.5,0.03555,1.0,0.00524,True,0.00017,5e-05,0.0,0.00044,-2e-05,0.00011,,False,True,False,0.00044,-0.02394,-2e-05,-0.00561,1e-05,-0.03954,1e-05,0.0122,REVIEW,Best in bull_trend (0.0004) but inconsistent
D_tmr_cpr_vs_today_code,D,0.15355,0.16598,125,0.02696,0.33333,0.33333,0.0341,1.0,0.10995,True,-2e-05,1e-05,0.135,-1e-05,-0.00011,-4e-05,,False,True,False,-1e-05,-0.02267,-0.00011,-0.00257,-3e-05,-0.03,-3e-05,0.00647,REVIEW,Best in bull_trend (-0.0000) but inconsistent
D_breakout_high_50,D,0.13578,0.1671,141,0.02037,0.33333,0.0,0.02123,0.71429,0.01047,True,-7e-05,1e-05,0.0,4e-05,-0.00016,-3e-05,,False,True,False,-0.00016,-0.01628,4e-05,-0.01095,0.0,-0.0271,-0.0,-0.01298,REVIEW,Best in bull_range (0.0000) but inconsistent
D_structure_trend_code,D,0.11231,0.16821,156,0.02757,0.33333,0.33333,0.03374,0.85714,0.0733,True,2e-05,1e-05,0.768,5e-05,3e-05,4e-05,,False,True,False,3e-05,-0.02964,3e-05,-0.00672,4e-05,-0.0366,5e-05,0.00765,REVIEW,Best in bear_range (0.0000) but inconsistent
D_vol_surge_50,D,0.09401,0.22168,159,0.02947,0.0,0.0,0.01035,0.71429,0.26702,False,3e-05,2e-05,0.412,4e-05,0.0,2e-05,,False,True,False,4e-05,-0.02869,0.0,-0.02297,3e-05,-0.0227,2e-05,-0.0324,REVIEW,Best in bull_trend (0.0000) but inconsistent
D_vol_surge_20,D,0.0498,0.11028,161,0.02335,0.0,0.0,0.00702,1.0,0.03141,True,4e-05,1e-05,0.591,8e-05,3e-05,5e-05,,False,True,False,3e-05,-0.02259,8e-05,-0.02274,3e-05,-0.01821,5e-05,-0.03391,REVIEW,Best in bull_range (0.0001) but inconsistent
D_nr_day,D,0.01127,0.03342,166,0.02004,1.0,0.0,0.0215,1.0,0.02094,True,1e-05,0.0,0.002,1e-05,-0.0,0.0,,False,True,False,-0.0,0.01767,0.0,0.02005,1e-05,0.01035,1e-05,0.02564,REVIEW,Best in bear_range (0.0000) but inconsistent
D_ll_run,D,0.00815,0.01671,168,0.02442,0.33333,0.33333,0.03381,1.0,0.00524,True,1e-05,0.0,0.0,3e-05,-2e-05,0.0,,False,True,False,3e-05,0.02615,-1e-05,0.00169,0.0,0.0302,-2e-05,-0.01486,REVIEW,Best in bull_trend (0.0000) but inconsistent
DOW_0,DOW,0.00603,0.01671,171,0.02079,0.66667,0.33333,0.02716,1.0,0.01571,True,0.0,0.0,0.127,1e-05,-0.0,0.0,,False,True,False,1e-05,0.00292,1e-05,0.00461,-0.0,0.01063,0.0,0.00027,REVIEW,Best in bull_range (0.0000) but inconsistent
D_hh_run,D,0.00429,0.00557,173,0.0386,0.33333,0.33333,0.04483,1.0,0.00524,True,1e-05,0.0,0.337,1e-05,-0.0,1e-05,,False,True,False,1e-05,-0.02527,-0.0,-0.01185,0.0,-0.03888,1e-05,0.00373,REVIEW,Best in bull_trend (0.0000) but inconsistent
DOW_5,DOW,0.00026,0.00111,175,0.03195,1.0,0.0,,1.0,0.0,True,0.0,0.0,0.0,0.0,-0.0,0.0,,False,True,False,-0.0,0.00996,0.0,0.00792,0.0,0.02694,-0.0,0.01007,REVIEW,Best in bear_trend (0.0000) but inconsistent
D_WQ_19,D,5.47894,3.08016,1,0.0554,0.66667,0.33333,0.0652,1.0,0.0,True,0.00948,0.00034,0.816,0.01255,0.008,0.00964,bull_trend,False,False,False,0.01255,0.03821,0.008,0.00893,0.00845,0.04338,0.00958,-0.00308,KEEP,Strong in bull_trend (0.0125) | Strong IC (0.0554) | Strong global perm (0.0095)
D_WQ_40,D,5.47318,1.70662,2,0.0507,1.0,0.0,0.02261,1.0,0.03141,True,0.00553,0.00018,0.803,0.00819,0.00476,0.00641,bull_range,False,False,False,0.00585,0.03955,0.00819,0.03572,0.00685,0.07738,0.00476,0.0357,KEEP,Strong in bull_range (0.0082) | Strong IC (0.0507) | Strong global perm (0.0055)
D_dist_from_52wh,D,3.38686,2.5098,4,0.01774,0.66667,0.33333,0.02151,1.0,0.01047,True,0.01106,0.00038,0.15,0.01281,0.00079,0.00591,bull_trend,True,False,False,0.01281,0.04466,0.00861,0.04692,0.00079,-0.01031,0.00143,0.0055,KEEP,Strong in bull_trend (0.0128) | Strong global perm (0.0111)
D_WQ_13,D,2.62357,1.4259,5,0.04744,1.0,0.0,0.00979,0.85714,0.09424,True,0.0007,9e-05,0.0,0.00163,-0.00036,0.00065,bear_trend,False,False,False,0.00025,0.02004,-0.00036,0.01523,0.00163,0.07428,0.00109,0.04772,KEEP,Strong IC (0.0474)
D_range_pct,D,2.62137,1.50165,6,0.04076,0.66667,0.33333,0.04879,1.0,0.07853,True,0.00094,4e-05,0.499,0.00149,0.00019,0.00094,bull_trend,False,False,False,0.00149,-0.03366,0.00099,-0.0054,0.00019,0.03052,0.00109,0.02566,KEEP,Strong IC (0.0408)
D_WQ_16,D,2.40818,1.23206,7,0.04452,1.0,0.0,0.01809,0.71429,0.11518,True,0.00079,0.00015,0.39,0.0017,0.00022,0.00099,bear_trend,False,False,False,0.00059,0.0153,0.00022,0.0206,0.0017,0.08052,0.00146,0.05929,KEEP,Strong IC (0.0445)
regime_market_trend,regime,2.16175,2.99439,9,0.13177,0.0,0.0,0.02311,1.0,0.01047,True,0.00023,4e-05,0.0,0.00049,-0.00014,0.00016,,False,True,False,0.00017,-0.05493,0.00049,-0.07101,-0.00014,-0.13657,0.00012,-0.18297,KEEP,Strong IC (0.1318)
D_ret_5d_roll_std,D,2.11034,1.85478,10,0.03848,0.66667,0.33333,0.04062,1.0,0.06806,True,0.00059,8e-05,0.344,0.00114,0.00014,0.00064,bull_range,False,False,False,0.00014,-0.01654,0.00114,0.00647,0.00032,0.00527,0.00094,0.07248,KEEP,
D_dollar_vol,D,1.69383,1.95504,12,0.0172,0.66667,0.0,0.01822,0.90476,0.08377,True,0.00036,4e-05,0.075,0.00071,-0.0001,0.00036,,False,True,False,0.00018,0.00589,-0.0001,0.02577,0.00071,0.04115,0.00064,0.0216,KEEP,
M_nifty_dist_sma50,M,1.67194,1.94279,13,0.07263,0.33333,0.33333,0.06521,1.0,0.02618,True,0.00042,5e-05,0.368,0.0011,0.00021,0.00055,bear_range,False,False,False,0.00028,-0.01592,0.00063,-0.03037,0.00021,-0.09361,0.0011,0.01413,KEEP,Strong IC (0.0726)
M_nifty_dist_sma200,M,1.60829,2.05307,15,0.09066,0.0,0.0,0.0688,1.0,0.01571,True,0.00051,8e-05,0.391,0.00113,6e-05,0.00063,bear_trend,False,False,False,6e-05,-0.01238,0.00072,-0.04626,0.00113,-0.08784,0.00062,-0.08007,KEEP,Strong IC (0.0907)
M_nifty_ret_5d,M,1.21824,1.59857,22,0.06488,0.33333,0.33333,0.0803,1.0,0.05759,True,0.00034,6e-05,0.0,0.00158,-0.00026,0.00041,bear_range,False,False,False,-8e-05,-0.03602,-0.00026,0.00119,0.00038,-0.03924,0.00158,0.00483,KEEP,Strong IC (0.0649)
D_atr_pct_z252,D,1.15633,1.38579,23,0.06738,1.0,0.0,0.04463,1.0,0.10995,True,0.00058,0.00012,0.468,0.00115,0.00012,0.0007,bear_range,False,False,False,0.00012,0.01407,0.00085,0.04239,0.00069,0.07339,0.00115,0.08765,KEEP,Strong IC (0.0674)
D_cmf20,D,1.07006,1.50388,24,0.03203,0.33333,0.33333,0.03424,0.95238,0.01047,True,0.00078,6e-05,0.149,0.00237,0.00012,0.001,bear_range,False,False,False,0.00012,-0.00932,0.00051,0.01883,0.001,-0.02749,0.00237,0.04749,KEEP,
D_bb_bw_20,D,1.03835,1.15966,25,0.04073,0.66667,0.33333,0.05518,1.0,0.03141,True,0.00046,3e-05,0.206,0.00097,6e-05,0.00042,,False,True,False,0.00039,-0.00411,6e-05,0.01757,0.00028,0.02033,0.00097,0.06678,KEEP,Strong IC (0.0407)
regime_dispersion,regime,1.00941,1.36686,26,0.08339,1.0,0.0,0.08762,1.0,0.00524,True,0.00058,7e-05,0.472,0.00094,6e-05,0.00069,,False,True,False,0.00087,0.00316,0.00088,0.03995,6e-05,0.10336,0.00094,0.0978,KEEP,Strong IC (0.0834)
W_ret_4w,W,0.96075,0.88784,27,0.04134,0.33333,0.33333,0.04235,1.0,0.00524,True,0.00061,8e-05,0.262,0.0014,0.00014,0.00064,bear_range,False,False,False,0.00039,-0.01232,0.00061,0.01521,0.00014,-0.03628,0.0014,0.04287,KEEP,Strong IC (0.0413)
D_dist_from_20h,D,0.92747,0.71629,28,0.03562,0.33333,0.0,0.04669,0.52381,0.26178,False,0.00038,2e-05,0.598,0.0006,0.00022,0.00038,,False,True,False,0.0006,-0.02638,0.00045,0.00192,0.00026,-0.06185,0.00022,0.03037,KEEP,
D_WQ_38,D,0.88984,0.79093,31,0.05303,0.66667,0.33333,0.05518,0.71429,0.09424,True,-0.00014,4e-05,0.0,0.00041,-0.00046,-0.00014,,False,True,False,-0.00022,0.05099,-0.00046,0.01629,0.00041,0.06864,-0.00027,0.00369,KEEP,Strong IC (0.0530)
X_regime_bull_soft,X,0.86805,0.86334,32,0.01116,0.0,0.0,0.00994,1.0,0.06283,True,0.00082,8e-05,0.0,0.00023,-0.00032,-1e-05,,False,True,False,0.00023,0.01761,0.00016,0.00926,-0.00011,-0.05835,-0.00032,-0.05642,KEEP,
X_regime_dist_sma200,X,0.83779,0.87559,33,0.01118,0.0,0.0,0.00992,1.0,0.03141,True,0.00093,5e-05,0.0,0.00031,-0.00035,-1e-05,,False,True,False,0.00031,0.01753,0.00014,0.00926,-0.00013,-0.05835,-0.00035,-0.05642,KEEP,
regime_high_vol,regime,0.82019,1.24989,36,0.09234,1.0,0.0,0.08081,1.0,0.04712,True,0.00044,0.0001,0.345,0.00065,6e-05,0.00033,,False,True,False,0.0004,0.03122,0.00023,0.04972,6e-05,0.08096,0.00065,0.08152,KEEP,Strong IC (0.0923)
D_ema20_angle_deg,D,0.76565,0.60378,39,0.04964,0.33333,0.33333,0.0568,0.61905,0.10471,True,0.00025,5e-05,0.0,0.00083,3e-05,0.00028,,False,True,False,0.00018,-0.03632,7e-05,0.00605,0.00083,-0.0856,3e-05,0.01709,KEEP,Strong IC (0.0496)
D_atr_pct,D,0.74787,0.87893,41,0.06446,0.66667,0.33333,0.06425,1.0,0.03141,True,0.00035,2e-05,0.0,0.00086,-1e-05,0.0003,,False,True,False,0.00086,-0.0213,0.00024,0.02303,-1e-05,0.04386,0.00011,0.07758,KEEP,Strong IC (0.0645)
D_bb_pctB_20,D,0.70702,0.79427,42,0.05248,0.33333,0.33333,0.06149,0.7619,0.42408,False,0.0013,6e-05,0.54,0.00187,0.00031,0.00128,bear_range,False,False,False,0.00137,-0.03392,0.00159,-0.00105,0.00031,-0.07633,0.00187,0.02931,KEEP,Strong IC (0.0525)
D_ema20_angle_deg_lag1,D,0.66855,0.59264,45,0.04201,0.0,0.0,0.05229,0.66667,0.17277,True,0.00022,2e-05,0.505,0.00027,3e-05,0.00018,,False,True,False,3e-05,-0.02781,0.00023,0.00696,0.0002,-0.07798,0.00027,0.01942,KEEP,Strong IC (0.0420)
W_ret_13w,W,0.6662,0.76753,46,0.00865,0.0,0.0,0.00464,1.0,0.09424,True,0.00035,2e-05,0.145,0.00019,-4e-05,0.00011,,False,True,False,0.00019,0.02751,-4e-05,0.01015,9e-05,-0.04867,0.00018,-0.02165,KEEP,
D_vol_yz_50,D,0.62172,0.72854,48,0.04406,0.66667,0.33333,0.04694,1.0,0.02094,True,0.0002,3e-05,0.472,0.00041,0.00012,0.00022,,False,True,False,0.00012,-0.01147,0.00041,0.01849,0.00013,0.01395,0.00023,0.07881,KEEP,Strong IC (0.0441)
D_atr14_to_close_pct,D,0.60918,0.74748,49,0.06446,0.66667,0.33333,0.06425,1.0,0.02618,True,0.00035,3e-05,0.0,0.0007,-2e-05,0.00026,,False,True,False,0.0007,-0.0213,0.00025,0.02303,-2e-05,0.04386,0.0001,0.07758,KEEP,Strong IC (0.0645)
X_rsi_cross_strength,X,0.55465,0.50909,51,0.06975,0.33333,0.33333,0.08082,0.95238,0.00524,True,-1e-05,0.0,0.0,0.00013,-9e-05,-1e-05,,False,True,False,-5e-05,-0.03638,-4e-05,-0.01244,0.00013,-0.05643,-9e-05,0.00279,KEEP,Strong IC (0.0697)
D_close_roll_slope_20,D,0.53545,0.55476,54,0.03438,0.33333,0.33333,0.03326,1.0,0.13613,True,0.00023,9e-05,0.0,0.00116,-0.00048,0.00024,bear_range,False,False,False,0.00024,-0.00509,2e-05,0.01545,-0.00048,-0.064,0.00116,0.02919,KEEP,
D_ema20_angle_deg_lag2,D,0.53019,0.44225,55,0.04427,0.0,0.0,0.05122,0.66667,0.1466,True,0.00024,3e-05,0.025,0.00035,-0.0001,0.00018,,False,True,False,0.00017,-0.02142,0.00035,0.00192,-0.0001,-0.06817,0.00033,0.0119,KEEP,Strong IC (0.0443)
D_donch_pos_20,D,0.50505,0.34868,56,0.04668,0.33333,0.33333,0.06059,0.57143,0.04188,True,0.00019,3e-05,0.687,0.00024,9e-05,0.00017,,False,True,False,0.00024,-0.02703,0.00017,-0.00084,9e-05,-0.06933,0.00018,0.03994,KEEP,Strong IC (0.0467)
X_regime_dist_x_adx,X,0.50367,0.54808,57,0.0137,0.0,0.0,0.00484,1.0,0.05759,True,0.00054,4e-05,0.0,0.00031,-0.0002,2e-05,,False,True,False,0.00031,0.01628,4e-05,0.0019,-7e-05,-0.06022,-0.0002,-0.05296,KEEP,
D_donch_pos_20_rmean50,D,0.49691,0.71072,58,0.00876,0.66667,0.0,0.01247,0.95238,0.01571,True,0.0007,4e-05,0.52,0.00067,0.00014,0.00039,,False,True,False,0.00044,0.03489,0.00033,0.02772,0.00014,-0.03377,0.00067,0.06071,KEEP,
D_midpoint_slope,D,0.49474,0.5815,59,0.06309,0.33333,0.33333,0.07908,0.66667,0.17277,True,0.00054,7e-05,0.357,0.00106,0.00026,0.0005,bear_range,False,False,False,0.00026,-0.03069,0.0004,-0.01689,0.00029,-0.06015,0.00106,-0.00521,KEEP,Strong IC (0.0631)
D_donch_pos_50,D,0.45362,0.50241,61,0.03118,0.33333,0.5,0.04656,0.7619,0.09424,True,0.00012,3e-05,0.042,0.0002,-4e-05,9e-05,,False,True,False,0.00011,-0.01196,7e-05,0.01597,0.0002,-0.06714,-4e-05,0.06233,KEEP,
D_vol_yz_20,D,0.44588,0.63831,64,0.05299,0.66667,0.33333,0.0605,1.0,0.02618,True,0.00012,0.0,0.499,0.0003,7e-05,0.00017,,False,True,False,0.00018,-0.01675,0.0003,0.0242,7e-05,0.01545,0.00012,0.0746,KEEP,Strong IC (0.0530)
D_rsi7,D,0.43305,0.4857,65,0.05859,0.33333,0.33333,0.06641,0.85714,0.09948,True,0.00037,5e-05,0.509,0.00067,0.00015,0.00038,,False,True,False,0.00067,-0.02842,0.00037,-0.00133,0.00015,-0.07441,0.00033,0.01918,KEEP,Strong IC (0.0586)
D_cmf20_rmean50,D,0.42162,0.70181,66,0.03324,1.0,0.0,0.00653,1.0,0.03141,True,0.00031,2e-05,0.279,0.00086,0.00017,0.00038,,False,True,False,0.00017,0.03616,0.00028,0.03109,0.00023,0.03232,0.00086,0.0692,KEEP,
D_rsi14_lag2,D,0.41527,0.40883,67,0.03339,0.0,0.0,0.04937,0.71429,0.06806,True,0.00044,5e-05,0.0,0.00076,-0.00025,0.00028,,False,True,False,0.00028,-0.00442,0.00032,0.0016,-0.00025,-0.05808,0.00076,0.03066,KEEP,
D_WQ_33,D,0.38042,0.40772,69,0.02845,1.0,0.0,0.02349,0.47619,0.18848,True,2e-05,4e-05,0.0,0.00015,-0.0001,4e-05,,False,True,False,-0.0001,0.03739,5e-05,0.02091,0.00015,0.04936,7e-05,0.00895,KEEP,
short_score,other,0.36199,0.34756,70,0.03875,0.66667,0.33333,0.04846,0.66667,0.04712,True,0.00019,2e-05,0.604,0.00031,0.00011,0.00018,,False,True,False,0.00017,0.0432,0.00031,-0.01762,0.00011,0.02429,0.00015,-0.0624,KEEP,
D_rsi7_obv_x,D,0.35727,0.4857,71,0.01932,0.33333,0.0,0.02082,0.66667,0.45026,False,0.00013,2e-05,0.313,0.00019,-2e-05,0.00012,,False,True,False,0.00014,-0.0257,-2e-05,-0.00356,0.00019,-0.04076,0.00019,-0.00874,KEEP,
D_close_roll_slope_50,D,0.35438,0.645,72,0.01083,0.0,0.0,0.00865,1.0,0.02094,True,-5e-05,0.00011,0.0,0.00052,-0.00022,0.00013,,False,True,False,0.00012,0.00955,-0.00022,0.02701,0.00052,-0.05697,0.00011,0.00879,KEEP,
Comb_ATRhigh__EMA20neg,Comb,0.32639,0.50352,74,0.06391,1.0,0.0,0.04702,0.80952,0.11518,True,0.00015,1e-05,0.0,0.00057,-7e-05,0.00019,,False,True,False,-7e-05,0.0286,-6e-05,0.01096,0.00057,0.07577,0.00031,0.04511,KEEP,Strong IC (0.0639)
D_obv_slope,D,0.32512,0.4222,75,0.02118,0.33333,0.0,0.02238,0.80952,0.3822,False,0.00011,3e-05,0.4,0.00015,0.0,0.0001,,False,True,False,9e-05,-0.02794,0.0,-0.00333,0.00015,-0.04478,0.00014,-0.00847,KEEP,
D_WQ_3,D,0.31779,0.55811,76,0.02755,0.66667,0.0,0.02598,0.61905,0.25654,False,0.00048,8e-05,0.0,0.00082,-0.00022,0.00032,,False,True,False,0.00068,0.01854,1e-05,0.01682,-0.00022,0.06142,0.00082,0.00579,KEEP,
D_pdi14,D,0.31551,0.46119,77,0.04297,0.0,0.0,0.03492,0.85714,0.08377,True,0.00041,2e-05,0.243,0.00074,9e-05,0.00033,,False,True,False,0.00074,-0.02319,0.00034,-0.00929,9e-05,-0.0731,0.00016,0.00053,KEEP,Strong IC (0.0430)
D_rsi14_obv_x,D,0.31152,0.44114,78,0.02005,0.33333,0.0,0.02118,0.57143,0.4712,False,0.00013,2e-05,0.246,0.00022,-3e-05,0.00013,,False,True,False,0.00013,-0.0269,-3e-05,-0.00301,0.00018,-0.04296,0.00022,-0.00877,KEEP,
D_macd,D,0.30484,0.33754,80,0.02662,0.0,0.0,0.01992,0.95238,0.16754,True,0.00035,6e-05,0.0,0.00049,-0.00026,0.00021,,False,True,False,0.00049,-0.00139,0.00036,0.01613,-0.00026,-0.0749,0.00024,0.00354,KEEP,
D_dist_from_20l,D,0.30398,0.35313,81,0.04834,0.33333,0.33333,0.06443,0.61905,0.12565,True,7e-05,1e-05,0.56,0.00011,3e-05,7e-05,,False,True,False,3e-05,-0.01632,0.00011,-0.00382,7e-05,-0.07293,7e-05,0.04391,KEEP,Strong IC (0.0483)
D_mdi14_rrank10,D,0.28614,0.4066,83,0.04955,0.66667,0.33333,0.05812,0.57143,0.3089,False,-3e-05,2e-05,0.0,8e-05,-0.00013,-1e-05,,False,True,False,-0.00013,0.02632,-7e-05,0.00754,7e-05,0.06272,8e-05,0.01421,KEEP,Strong IC (0.0495)
X_rsi14_adx14,X,0.27775,0.41886,84,0.03877,0.33333,0.33333,0.04405,0.71429,0.1466,True,0.00028,3e-05,0.246,0.00065,7e-05,0.00029,,False,True,False,7e-05,-0.01049,0.00025,-0.01437,0.00019,-0.04661,0.00065,0.01778,KEEP,
D_slope_stability_rstd10,D,0.26401,0.36316,85,0.02809,1.0,0.0,0.01828,0.80952,0.19372,True,-0.00015,1e-05,0.407,0.0,-0.00023,-0.00016,,False,True,False,0.0,-0.00461,-0.0002,0.03144,-0.00022,0.03827,-0.00023,0.0461,KEEP,
D_rsi14_lag1,D,0.25922,0.32974,86,0.03484,0.33333,0.0,0.04971,0.71429,0.02094,True,0.00036,2e-05,0.167,0.00067,-3e-05,0.00031,,False,True,False,0.00018,-0.0095,0.00042,0.00294,-3e-05,-0.06803,0.00067,0.03409,KEEP,
D_donch_pos_20_lag5,D,0.25154,0.41217,89,0.05652,0.33333,0.33333,0.06256,0.71429,0.19372,True,5e-05,3e-05,0.0,0.00024,-3e-05,0.0001,,False,True,False,-3e-05,0.00497,1e-05,0.02337,0.00024,-0.02453,0.00019,0.04801,KEEP,Strong IC (0.0565)
D_mdi14_diff5,D,0.24776,0.39881,91,0.05945,0.66667,0.33333,0.07361,0.7619,0.12565,True,0.00012,2e-05,0.505,0.00018,4e-05,0.00012,,False,True,False,4e-05,0.02627,9e-05,0.00957,0.00018,0.06329,0.00018,0.01807,KEEP,Strong IC (0.0595)
D_slope_stability,D,0.23486,0.36427,93,0.0437,1.0,0.0,0.02152,0.90476,0.05236,True,0.00042,3e-05,0.404,0.0008,0.00013,0.00046,,False,True,False,0.00013,-0.00116,0.00026,0.03802,0.00065,0.05565,0.0008,0.07807,KEEP,Strong IC (0.0437)
X_trend_atr_pct,X,0.21983,0.30969,96,0.03359,0.33333,0.33333,0.03787,0.38095,0.49738,False,7e-05,1e-05,0.444,0.00016,4e-05,9e-05,,False,True,False,4e-05,-0.03645,5e-05,-0.00938,0.00013,-0.04511,0.00016,0.00377,KEEP,
D_sma200,D,0.21591,0.24842,97,0.0377,1.0,0.0,0.01031,0.90476,0.17277,True,-1e-05,1e-05,0.0,5e-05,-3e-05,-1e-05,,False,True,False,5e-05,0.00127,-3e-05,0.03379,-3e-05,0.05882,-1e-05,0.05877,KEEP,
D_donch_pos_50_lag5,D,0.21335,0.38321,98,0.03688,0.33333,0.33333,0.04337,0.52381,0.05759,True,-2e-05,3e-05,0.0,0.00029,-5e-05,9e-05,,False,True,False,-5e-05,0.01688,9e-05,0.03599,3e-05,-0.02611,0.00029,0.06668,KEEP,
D_weekly_trend,D,0.21323,0.3821,99,0.053,0.33333,0.33333,0.06129,1.0,0.04712,True,7e-05,3e-05,0.0,0.00029,-6e-05,9e-05,,False,True,False,6e-05,-0.0356,6e-05,-0.02143,0.00029,-0.03516,-6e-05,0.00671,KEEP,Strong IC (0.0530)
D_body_ratio_rmean50,D,0.20861,0.40772,100,0.03976,1.0,0.0,0.02184,1.0,0.06806,True,0.00033,1e-05,0.673,0.00052,0.00025,0.00033,,False,True,False,0.00025,0.03931,0.00029,0.05757,0.00027,0.0135,0.00052,0.12885,KEEP,
D_rsi14,D,0.20821,0.29298,101,0.04287,0.33333,0.33333,0.05285,1.0,0.01047,True,0.0002,2e-05,0.591,0.00021,5e-05,0.00017,,False,True,False,0.00021,-0.01806,0.00021,0.0016,5e-05,-0.07522,0.0002,0.0285,KEEP,Strong IC (0.0429)
D_macd_hist_rstd10,D,0.20573,0.35202,104,0.04304,1.0,0.0,0.01935,0.80952,0.27749,False,0.00036,3e-05,0.383,0.00068,0.0001,0.00038,,False,True,False,0.0001,-0.00055,0.00021,0.03604,0.00053,0.05481,0.00068,0.08177,KEEP,Strong IC (0.0430)
D_breakout_high_20,D,0.20492,0.16487,105,0.02521,0.0,0.0,0.02211,1.0,0.01571,True,-2e-05,1e-05,0.0,1e-05,-6e-05,-2e-05,,False,True,False,-5e-05,-0.02044,-6e-05,-0.01448,1e-05,-0.04071,1e-05,-0.02081,KEEP,
D_mdi14,D,0.20268,0.33865,106,0.04176,1.0,0.0,0.02295,0.66667,0.15183,True,2e-05,2e-05,0.0,0.00021,-5e-05,3e-05,,False,True,False,-5e-05,0.01714,1e-05,-0.00722,0.00021,0.08628,-4e-05,0.0313,KEEP,Strong IC (0.0418)
D_breakout_low_20,D,0.19872,0.19383,107,0.03105,0.66667,0.0,0.03123,0.71429,0.03141,True,0.00016,4e-05,0.13,0.0005,6e-05,0.0002,,False,True,False,6e-05,0.03089,9e-05,0.0122,0.00014,0.05437,0.0005,-0.01339,KEEP,
D_close_roll_slope_20_rstd20,D,0.19739,0.303,109,0.0331,1.0,0.0,0.01179,0.90476,0.15707,True,-7e-05,2e-05,0.073,3e-05,-0.00016,-7e-05,,False,True,False,3e-05,-0.00057,-8e-05,0.0252,-8e-05,0.04629,-0.00016,0.06736,KEEP,
D_close_roll_slope_20_rstd10,D,0.19603,0.3186,110,0.03108,1.0,0.0,0.01127,0.90476,0.17801,True,-0.0,1e-05,0.0,8e-05,-0.0001,-1e-05,,False,True,False,4e-05,8e-05,-6e-05,0.0244,8e-05,0.04047,-0.0001,0.0651,KEEP,
D_ema100,D,0.1933,0.25287,111,0.0376,1.0,0.0,0.01277,0.71429,0.0733,True,3e-05,1e-05,0.079,7e-05,-0.0,3e-05,,False,True,False,7e-05,0.00276,-0.0,0.03337,4e-05,0.05822,1e-05,0.05477,KEEP,
D_macd_signal,D,0.17604,0.28407,113,0.01889,0.33333,0.0,0.01914,0.7619,0.15183,True,-2e-05,2e-05,0.135,0.0001,-0.0,4e-05,,False,True,False,2e-05,0.00873,0.0001,0.03102,-0.0,-0.06295,5e-05,-0.00038,KEEP,
D_atr14,D,0.17571,0.23951,114,0.04639,1.0,0.0,0.02164,1.0,0.03665,True,-0.0,1e-05,0.0,3e-05,-1e-05,1e-05,,False,True,False,3e-05,-0.00157,3e-05,0.04199,0.0,0.06379,-1e-05,0.07223,KEEP,Strong IC (0.0464)
D_body_ratio_rmean20,D,0.17275,0.35982,116,0.02144,0.66667,0.5,0.03127,0.85714,0.01571,True,-0.00012,2e-05,0.0,7e-05,-0.00026,-0.00011,,False,True,False,-9e-05,-0.00154,-0.00014,0.02956,7e-05,-0.02055,-0.00026,0.08951,KEEP,
D_ema50,D,0.16962,0.23282,117,0.03744,1.0,0.0,0.0135,0.71429,0.28796,False,0.0001,2e-05,0.684,0.00016,7e-05,0.00011,,False,True,False,7e-05,0.00366,9e-05,0.03338,0.00014,0.05735,0.00016,0.0531,KEEP,
D_sma50,D,0.16851,0.22725,118,0.03784,1.0,0.0,0.01403,0.71429,0.07853,True,7e-05,1e-05,0.699,0.00012,5e-05,9e-05,,False,True,False,7e-05,0.00406,5e-05,0.03325,0.00011,0.05767,0.00012,0.05236,KEEP,
D_breakout_low_50,D,0.16262,0.28072,119,0.02638,0.66667,0.0,0.02512,1.0,0.00524,True,8e-05,1e-05,0.0,0.00036,-0.0,0.0001,,False,True,False,2e-05,0.02204,-0.0,0.00946,2e-05,0.05816,0.00036,-0.02169,KEEP,
D_cpr_pivot,D,0.15917,0.22502,121,0.03474,1.0,0.0,0.01206,0.90476,0.2199,True,4e-05,0.0,0.578,7e-05,3e-05,5e-05,,False,True,False,3e-05,0.00233,3e-05,0.03359,7e-05,0.05254,7e-05,0.05256,KEEP,
D_macd_hist,D,0.15815,0.2785,122,0.04587,0.33333,0.33333,0.05915,0.80952,0.3089,False,0.00019,1e-05,0.512,0.00044,0.0001,0.00026,,False,True,False,0.0002,-0.02843,0.00031,-0.00288,0.0001,-0.04059,0.00044,0.01604,KEEP,Strong IC (0.0459)
D_days_since_boh_20,D,0.15398,0.2072,124,0.03376,1.0,0.0,0.0257,0.57143,0.34555,False,0.00034,7e-05,0.0,0.0008,-0.00016,0.00028,,False,True,False,9e-05,0.0256,-0.00016,0.0013,0.0008,0.04734,0.00039,-0.00575,KEEP,
D_mdi14_rrank20,D,0.14773,0.25287,127,0.04406,0.66667,0.33333,0.04793,0.90476,0.15183,True,3e-05,1e-05,0.144,0.0001,-1e-05,5e-05,,False,True,False,-1e-05,0.02342,3e-05,0.00112,8e-05,0.06263,0.0001,-0.00607,KEEP,Strong IC (0.0441)
D_resistance2,D,0.1477,0.215,128,0.03476,1.0,0.0,0.01226,0.90476,0.12042,True,6e-05,1e-05,0.885,7e-05,5e-05,7e-05,,False,True,False,7e-05,0.00161,5e-05,0.03374,7e-05,0.05275,7e-05,0.05276,KEEP,
D_pivot,D,0.14708,0.20052,129,0.03474,1.0,0.0,0.01206,1.0,0.01047,True,5e-05,1e-05,0.412,0.0001,1e-05,6e-05,,False,True,False,5e-05,0.00233,1e-05,0.03359,8e-05,0.05254,0.0001,0.05256,KEEP,
D_slope_stability_rmean50,D,0.14561,0.21277,130,0.04438,1.0,0.0,0.01886,0.66667,0.00524,True,3e-05,1e-05,0.39,0.0001,2e-05,5e-05,,False,True,False,0.0001,0.00089,2e-05,0.03134,7e-05,0.06196,3e-05,0.07301,KEEP,Strong IC (0.0444)
D_cpr_bc,D,0.14355,0.21166,131,0.03479,1.0,0.0,0.01211,1.0,0.15707,True,3e-05,1e-05,0.595,6e-05,1e-05,4e-05,,False,True,False,5e-05,0.00239,1e-05,0.03366,5e-05,0.05263,6e-05,0.05258,KEEP,
D_weekly_vpoc,D,0.14298,0.22948,132,0.03477,1.0,0.0,0.01201,0.95238,0.15707,True,6e-05,1e-05,0.579,0.00011,3e-05,7e-05,,False,True,False,6e-05,0.00252,3e-05,0.03358,0.0001,0.05287,0.00011,0.05262,KEEP,
D_support2,D,0.1424,0.21611,133,0.03478,1.0,0.0,0.01183,1.0,0.17277,True,8e-05,1e-05,0.681,0.00013,6e-05,0.0001,,False,True,False,7e-05,0.00318,6e-05,0.03345,0.00013,0.05236,0.00012,0.05236,KEEP,
D_cpr_tc,D,0.14236,0.22391,134,0.03468,1.0,0.0,0.01201,0.95238,0.15707,True,5e-05,1e-05,0.773,8e-05,4e-05,6e-05,,False,True,False,4e-05,0.00227,6e-05,0.03353,8e-05,0.05244,6e-05,0.05252,KEEP,
X_macd_nonlin,X,0.14209,0.26179,135,0.0449,0.33333,0.33333,0.05773,0.95238,0.2199,True,0.0002,1e-05,0.507,0.00041,8e-05,0.00028,,False,True,False,0.00023,-0.02729,0.00041,-0.0026,8e-05,-0.04164,0.00041,0.01435,KEEP,Strong IC (0.0449)
D_sma5,D,0.14141,0.21166,137,0.03522,1.0,0.0,0.01222,1.0,0.25131,False,5e-05,1e-05,0.581,8e-05,3e-05,5e-05,,False,True,False,3e-05,0.00311,3e-05,0.03375,8e-05,0.05395,5e-05,0.05276,KEEP,
D_ema20,D,0.14026,0.19495,138,0.03658,1.0,0.0,0.0135,0.66667,0.19895,True,7e-05,1e-05,0.615,0.00013,5e-05,9e-05,,False,True,False,5e-05,0.00382,5e-05,0.03369,0.00013,0.05568,0.00012,0.05259,KEEP,
D_atr30,D,0.13987,0.24173,139,0.04215,1.0,0.0,0.02112,0.80952,0.10471,True,7e-05,1e-05,0.674,8e-05,3e-05,7e-05,,False,True,False,8e-05,-0.0016,3e-05,0.02702,8e-05,0.06263,8e-05,0.06546,KEEP,Strong IC (0.0422)
D_resistance1,D,0.13577,0.20943,142,0.03468,1.0,0.0,0.01211,1.0,0.20942,True,3e-05,1e-05,0.822,5e-05,3e-05,4e-05,,False,True,False,4e-05,0.0019,5e-05,0.0336,3e-05,0.05255,3e-05,0.05263,KEEP,
D_WQ_44,D,0.13567,0.20943,143,0.05279,1.0,0.0,0.00677,0.61905,0.4555,False,2e-05,2e-05,0.343,6e-05,1e-05,3e-05,,False,True,False,2e-05,0.0366,6e-05,0.02658,1e-05,0.08162,3e-05,0.06203,KEEP,Strong IC (0.0528)
D_tmr_cpr_tc,D,0.13135,0.19495,144,0.03468,1.0,0.0,0.01201,1.0,0.20942,True,5e-05,0.0,0.475,0.0001,1e-05,7e-05,,False,True,False,6e-05,0.00227,1e-05,0.03353,9e-05,0.05244,0.0001,0.05252,KEEP,
D_vpoc,D,0.131,0.19272,145,0.03474,1.0,0.0,0.01206,0.85714,0.06283,True,5e-05,0.0,0.519,9e-05,2e-05,6e-05,,False,True,False,4e-05,0.00233,2e-05,0.03359,7e-05,0.05254,9e-05,0.05256,KEEP,
D_sma20,D,0.1286,0.19717,146,0.0369,1.0,0.0,0.01391,0.66667,0.06283,True,7e-05,1e-05,0.561,0.00014,4e-05,8e-05,,False,True,False,6e-05,0.00413,4e-05,0.03371,9e-05,0.05596,0.00014,0.05232,KEEP,
long_score,other,0.12708,0.21945,147,0.03968,0.0,0.0,0.03798,0.52381,0.07853,True,6e-05,1e-05,0.658,8e-05,3e-05,6e-05,,False,True,False,8e-05,-0.00633,5e-05,-0.0071,3e-05,-0.07279,7e-05,-0.00735,KEEP,
D_prev_high,D,0.12692,0.18715,148,0.03522,1.0,0.0,0.01237,0.95238,0.01047,True,5e-05,1e-05,0.646,8e-05,3e-05,6e-05,,False,True,False,5e-05,0.0026,3e-05,0.03387,8e-05,0.05374,7e-05,0.05294,KEEP,
D_tmr_cpr_bc,D,0.12582,0.19606,149,0.03479,1.0,0.0,0.01211,0.95238,0.12042,True,5e-05,1e-05,0.566,0.00011,3e-05,7e-05,,False,True,False,5e-05,0.00239,3e-05,0.03366,0.00011,0.05263,8e-05,0.05258,KEEP,
D_prev_low,D,0.12188,0.18047,150,0.03513,1.0,0.0,0.01201,1.0,0.06806,True,6e-05,1e-05,0.625,0.00012,5e-05,7e-05,,False,True,False,5e-05,0.00332,5e-05,0.0337,7e-05,0.05342,0.00012,0.05255,KEEP,
D_days_since_bol_20,D,0.12082,0.12142,151,0.03292,0.33333,0.33333,0.03133,0.71429,0.01047,True,0.00025,4e-05,0.0,0.00086,4e-05,0.00031,,False,True,False,0.0001,0.00084,0.00022,-0.00301,4e-05,-0.06239,0.00086,0.04481,KEEP,
D_prev_close,D,0.12066,0.17378,152,0.0351,1.0,0.0,0.01202,1.0,0.04188,True,4e-05,0.0,0.629,8e-05,2e-05,6e-05,,False,True,False,2e-05,0.00288,6e-05,0.03385,7e-05,0.05328,8e-05,0.05285,KEEP,
D_slope_stability_rstd20,D,0.1171,0.21054,153,0.0369,1.0,0.0,0.01833,0.80952,0.15707,True,3e-05,1e-05,0.244,3e-05,-1e-05,2e-05,,False,True,False,3e-05,-0.0034,-1e-05,0.0341,2e-05,0.05175,3e-05,0.05992,KEEP,
W_close_pos,W,0.11637,0.25622,154,0.07092,0.33333,0.33333,0.09812,0.85714,0.18848,True,-5e-05,1e-05,0.616,-1e-05,-4e-05,-3e-05,,False,True,False,-4e-05,-0.02437,-1e-05,-0.01685,-4e-05,-0.00936,-3e-05,0.01718,KEEP,Strong IC (0.0709)
D_support1,D,0.1141,0.18381,155,0.03469,1.0,0.0,0.01189,1.0,0.02618,True,5e-05,1e-05,0.426,9e-05,2e-05,5e-05,,False,True,False,3e-05,0.00267,2e-05,0.03345,6e-05,0.05235,9e-05,0.05242,KEEP,
D_WQ_6,D,0.10494,0.215,157,0.02972,1.0,0.0,0.02747,0.61905,0.42932,False,0.00015,1e-05,0.184,0.00022,-2e-05,0.0001,,False,True,False,0.00022,0.01952,0.00013,0.02094,-2e-05,0.06595,9e-05,0.01108,KEEP,
D_WQ_26,D,0.10274,0.25844,158,0.03448,1.0,0.0,0.0076,0.71429,0.0733,True,5e-05,1e-05,0.543,8e-05,1e-05,5e-05,,False,True,False,6e-05,0.02386,1e-05,0.00959,6e-05,0.04334,8e-05,0.04284,KEEP,
D_lh_run,D,0.03608,0.0635,164,0.03992,0.66667,0.33333,0.04424,1.0,0.10995,True,5e-05,2e-05,0.3,0.0001,1e-05,5e-05,,False,True,False,6e-05,0.03168,1e-05,0.01111,0.0001,0.04151,2e-05,0.00214,KEEP,
